<?xml version="1.0" encoding="UTF-8"?>
<project-private xmlns="http://www.netbeans.org/ns/project-private/1">
    <editor-bookmarks xmlns="http://www.netbeans.org/ns/editor-bookmarks/2" lastBookmarkId="0"/>
    <open-files xmlns="http://www.netbeans.org/ns/projectui-open-files/2">
        <group>
            <file>file:/D:/GithubRepos/XJTLU-OOP-Coursework/Coursework3Part2StockPriceIOT/src/stockPriceIOT/Main.java</file>
            <file>file:/D:/GithubRepos/XJTLU-OOP-Coursework/Coursework3Part2StockPriceIOT/src/stockPriceIOT/StockPriceDisplay.java</file>
            <file>file:/D:/GithubRepos/XJTLU-OOP-Coursework/Coursework3Part2StockPriceIOT/src/stockPriceIOT/Weather.java</file>
            <file>file:/D:/GithubRepos/XJTLU-OOP-Coursework/Coursework3Part2StockPriceIOT/src/stockPriceIOT/Displayable.java</file>
            <file>file:/D:/GithubRepos/XJTLU-OOP-Coursework/Coursework3Part2StockPriceIOT/src/stockPriceIOT/StockPriceReport.java</file>
            <file>file:/D:/GithubRepos/XJTLU-OOP-Coursework/Coursework3Part2StockPriceIOT/src/stockPriceIOT/ParseWheather.java</file>
            <file>file:/D:/GithubRepos/XJTLU-OOP-Coursework/Coursework3Part2StockPriceIOT/src/stockPriceIOT/ParseStockPrice.java</file>
            <file>file:/D:/GithubRepos/XJTLU-OOP-Coursework/Coursework3Part2StockPriceIOT/src/stockPriceIOT/StockPrice.java</file>
            <file>file:/D:/GithubRepos/XJTLU-OOP-Coursework/Coursework3Part2StockPriceIOT/src/stockPriceIOT/ClockDisplay.java</file>
            <file>file:/D:/GithubRepos/XJTLU-OOP-Coursework/Coursework3Part2StockPriceIOT/src/stockPriceIOT/DisplayHost.java</file>
        </group>
    </open-files>
</project-private>
